<?xml version="1.0" encoding="UTF-8"?>
<project-private xmlns="http://www.netbeans.org/ns/project-private/1">
    <editor-bookmarks xmlns="http://www.netbeans.org/ns/editor-bookmarks/2" lastBookmarkId="0"/>
    <open-files xmlns="http://www.netbeans.org/ns/projectui-open-files/2">
        <group>
            <file>file:/D:/GitProjects/5100Assignment_04/Assignment_4/src/ui/student/CourseRegisterationJPanel.java</file>
            <file>file:/D:/GitProjects/5100Assignment_04/Assignment_4/src/model/AdminProfile.java</file>
            <file>file:/D:/GitProjects/5100Assignment_04/Assignment_4/src/model/CourseCatalog.java</file>
            <file>file:/D:/GitProjects/5100Assignment_04/Assignment_4/src/ui/main/MainJFrame.java</file>
            <file>file:/D:/GitProjects/5100Assignment_04/Assignment_4/src/model/ConfigureMain.java</file>
            <file>file:/D:/GitProjects/5100Assignment_04/Assignment_4/src/model/SeatAssignment.java</file>
            <file>file:/D:/GitProjects/5100Assignment_04/Assignment_4/src/model/Department.java</file>
            <file>file:/D:/GitProjects/5100Assignment_04/Assignment_4/src/model/AdminDirectory.java</file>
            <file>file:/D:/GitProjects/5100Assignment_04/Assignment_4/src/ui/faculty/ViewCourseJPanel.java</file>
            <file>file:/D:/GitProjects/5100Assignment_04/Assignment_4/src/model/Seat.java</file>
            <file>file:/D:/GitProjects/5100Assignment_04/Assignment_4/src/model/Transcript.java</file>
            <file>file:/D:/GitProjects/5100Assignment_04/Assignment_4/src/ui/admin/AdminWorkAreaJPanel.java</file>
            <file>file:/D:/GitProjects/5100Assignment_04/Assignment_4/src/ui/faculty/GradingJPanel.java</file>
            <file>file:/D:/GitProjects/5100Assignment_04/Assignment_4/src/ui/student/ViewGradeJPanel.java</file>
            <file>file:/D:/GitProjects/5100Assignment_04/Assignment_4/src/ui/student/StudentWorkAreaJPanel.java</file>
            <file>file:/D:/GitProjects/5100Assignment_04/Assignment_4/src/model/CourseSchedule.java</file>
            <file>file:/D:/GitProjects/5100Assignment_04/Assignment_4/src/ui/admin/ViewStudentJPanel.java</file>
            <file>file:/D:/GitProjects/5100Assignment_04/Assignment_4/src/ui/faculty/AddCourseJPanel.java</file>
            <file>file:/D:/GitProjects/5100Assignment_04/Assignment_4/src/ui/faculty/FacultyWorkAreaJPanel.java</file>
            <file>file:/D:/GitProjects/5100Assignment_04/Assignment_4/src/ui/admin/ViewReportJPanel.java</file>
        </group>
    </open-files>
</project-private>
